Air temperature [K],Process temperature [K],Rotational speed [rpm],Torque [Nm],Tool wear [min],Type,prediction
300.8,310.3,1538,36.1,198,L,0
296.3,307.3,1368,49.5,10,M,0
298.6,309.1,1339,51.1,34,M,0
302.4,311.1,1634,34.2,184,L,0
297.9,307.7,1546,37.6,72,L,0
301.6,310.8,1290,65.3,63,M,0
298.2,308.2,1407,47.1,153,L,0
296.6,307.4,1465,47.8,187,L,0
298.6,309.6,1353,62.5,9,L,0
301.0,310.7,1391,45.0,123,L,0
296.8,308.3,1506,45.9,182,L,0
297.5,308.8,1312,50.3,159,L,0
298.3,308.2,1663,28.4,67,L,0
298.1,308.4,1438,45.6,105,L,0
300.9,312.0,1493,38.7,217,L,0
303.9,313.1,1425,49.3,199,L,0
299.3,308.6,1437,48.1,67,L,0
300.6,310.2,1519,44.6,69,L,0
298.9,309.3,1665,32.5,93,L,0
297.3,308.3,1544,41.7,6,M,0
297.8,307.7,1505,39.7,25,L,0
300.3,311.9,1390,49.0,194,H,0
298.9,310.1,1366,62.7,161,H,0
298.8,309.8,1551,36.6,15,M,0
304.1,313.3,1480,38.4,72,M,0
301.9,310.8,1427,47.7,92,L,0
298.6,309.7,1422,49.7,139,M,0
299.7,311.0,1448,49.8,80,M,0
300.5,311.6,1456,51.1,193,M,0
299.2,308.4,1436,41.8,28,L,0
298.7,310.2,1402,45.9,30,L,0
300.5,311.6,1744,26.8,94,L,0
300.7,309.5,1251,59.9,120,L,0
300.7,310.7,1377,46.7,36,M,0
302.4,310.1,1520,36.6,97,M,0
298.0,309.2,1520,37.9,89,H,0
299.1,308.3,1451,42.8,21,H,0
298.2,307.9,1529,36.6,105,M,0
298.3,309.1,1386,45.3,212,L,0
298.0,308.2,1466,42.6,2,M,0
300.2,309.8,1418,49.3,16,L,0
299.1,310.6,1818,24.1,173,L,0
297.9,307.7,1618,35.9,92,H,0
297.5,308.7,1697,28.1,107,M,0
299.4,309.0,1415,51.7,62,H,0
302.7,312.0,1944,21.4,71,M,0
297.5,308.3,1674,30.0,54,H,0
299.9,310.2,1479,46.3,173,L,0
298.8,308.6,1593,35.5,175,L,0
300.7,309.6,1541,34.6,131,L,0
298.8,308.5,1395,44.4,33,L,0
300.8,311.0,1578,44.4,86,L,0
298.0,307.7,1492,38.7,202,L,0
299.8,309.1,1612,35.4,205,L,0
297.3,308.3,1935,19.3,24,H,0
301.3,311.0,1402,47.5,197,M,0
300.2,309.5,1729,28.4,131,L,0
303.6,312.0,1309,52.9,86,L,0
296.9,308.0,1641,33.3,67,M,0
298.3,307.9,1766,26.5,145,L,0
298.6,309.6,1449,42.5,16,H,0
302.1,311.2,1519,39.3,155,L,0
299.2,308.5,1340,50.0,144,L,0
297.2,308.6,1284,51.3,32,M,0
299.7,310.6,1616,35.1,142,L,0
298.7,309.6,1738,27.3,79,M,0
298.8,309.9,1482,39.1,45,L,0
300.1,309.4,1464,41.7,30,L,0
297.9,308.0,1490,46.2,6,L,0
298.5,309.6,1492,41.7,100,M,0
296.1,307.1,1485,36.0,169,M,0
303.8,313.1,1869,25.8,211,L,0
300.6,309.4,1380,47.6,246,H,0
301.2,311.0,1567,35.1,64,L,0
303.6,311.8,1627,30.8,104,M,0
303.5,312.9,1332,52.9,66,L,0
300.9,312.0,1397,42.7,212,H,0
301.0,311.3,1349,47.0,71,L,0
298.5,309.7,1437,42.6,120,L,0
300.4,310.2,1613,36.9,231,M,0
297.2,307.9,1493,38.4,146,L,0
301.5,310.6,1587,33.7,122,L,0
296.9,307.9,1979,20.4,68,M,0
299.6,310.9,1630,29.8,206,M,0
297.0,307.8,1404,40.7,184,H,0
300.1,309.1,1400,46.7,77,L,0
298.8,308.8,1441,40.5,63,M,0
297.5,309.2,1804,27.4,215,M,0
298.3,309.1,1387,52.3,160,L,0
302.6,311.5,1599,37.0,211,L,0
298.2,308.2,1446,38.2,61,L,0
299.8,311.1,1562,35.7,170,M,0
297.2,308.5,1447,47.9,188,L,0
301.8,310.7,1551,37.7,64,L,0
298.5,309.4,1517,40.2,45,L,0
299.4,310.9,1446,47.3,12,M,0
302.3,310.1,1513,40.4,22,L,0
297.4,308.7,1349,48.9,120,H,0
299.9,309.2,1574,36.5,177,M,0
298.5,309.7,1523,44.6,83,M,0
299.2,308.4,1476,32.7,101,M,0
301.6,310.8,1548,34.2,143,M,0
297.5,308.8,1430,49.4,2,H,0
300.3,310.2,1429,44.7,203,M,0
300.1,311.5,1471,47.2,201,L,0
301.5,310.4,1593,36.8,50,M,0
297.6,308.6,1326,62.4,173,L,0
301.1,310.5,1646,30.7,76,M,0
300.4,310.0,1423,44.2,189,L,0
298.1,308.6,1551,42.8,0,M,0
297.5,308.3,1521,38.2,74,M,0
300.8,309.6,1404,38.7,44,M,0
302.6,312.0,1781,28.5,196,L,0
296.3,307.2,1291,58.6,29,L,0
297.6,309.0,1491,43.2,7,L,0
300.5,309.8,1421,49.6,211,L,0
298.2,308.0,1411,42.4,48,L,0
296.2,307.2,1515,36.5,38,L,0
299.0,310.1,2053,19.7,137,H,0
298.3,309.4,1378,52.3,12,L,0
302.3,310.9,1412,48.9,28,L,0
300.5,309.9,1994,19.8,189,M,0
298.9,310.2,1359,56.9,166,L,0
299.2,310.6,1443,50.9,85,M,0
297.9,308.9,1393,40.6,45,L,0
297.4,308.4,1378,39.9,63,L,0
298.8,310.2,1707,27.6,56,H,0
300.8,311.7,1681,31.3,221,L,0
301.4,310.6,1464,48.6,96,M,0
297.2,308.1,1712,30.9,204,L,0
303.6,313.0,1617,30.9,122,L,0
298.8,310.3,1366,59.0,94,M,0
298.0,308.2,1611,30.6,195,L,0
299.3,310.6,1609,31.4,99,M,0
300.1,309.0,1612,33.0,34,M,0
301.7,310.2,1620,30.8,42,H,0
297.6,308.7,1455,48.2,145,L,0
300.7,310.9,1723,31.0,73,L,0
297.3,308.7,1352,53.8,91,L,0
297.0,307.9,1846,27.3,179,H,0
300.9,311.3,1668,28.9,183,H,0
297.5,308.5,1546,40.4,129,L,0
303.7,312.7,1395,53.9,123,L,0
300.3,311.8,1592,32.1,11,M,0
297.4,308.7,1402,40.2,114,L,0
298.2,309.0,1596,37.2,87,L,0
301.9,309.8,1724,27.5,126,H,0
300.2,311.8,1748,28.5,184,M,0
301.3,311.1,1723,27.6,210,L,0
300.4,311.6,1200,76.6,3,L,0
302.0,310.4,1895,23.2,161,L,0
298.0,308.0,1433,39.2,87,L,0
300.0,309.8,1474,40.6,78,L,0
300.7,312.3,1670,27.3,81,H,0
298.8,308.4,1737,27.7,130,L,0
299.8,310.3,1805,23.7,198,M,0
303.3,311.6,1514,34.7,130,L,0
301.2,309.9,1984,19.7,169,L,0
302.4,310.2,1539,37.7,29,L,0
296.4,307.4,1512,36.8,46,L,0
298.9,308.6,1481,40.7,124,L,0
300.1,309.7,1680,33.8,140,L,0
304.2,313.5,1437,47.2,102,M,0
302.1,311.1,1423,36.8,80,M,0
299.2,308.9,1430,39.1,117,L,0
301.5,310.8,1785,25.5,120,L,0
302.5,310.2,1563,34.8,150,L,0
297.4,308.3,1771,27.4,100,H,0
300.5,309.8,1379,54.2,207,L,0
302.4,312.0,1457,43.4,23,H,0
300.3,311.7,1317,56.5,7,L,0
300.6,310.2,1318,51.0,8,L,0
301.1,310.6,1417,47.6,10,L,0
297.5,308.6,1585,37.6,2,L,0
298.4,308.7,1344,52.9,130,H,0
297.7,309.7,1591,37.7,196,L,0
298.3,307.9,1703,28.9,147,L,0
302.5,311.9,1497,41.6,123,L,0
299.6,310.9,1679,31.2,120,H,0
299.2,309.9,1516,41.4,219,L,0
297.3,308.4,1531,35.6,16,H,0
303.6,312.7,1429,47.7,198,L,0
302.2,311.3,1602,32.8,120,L,0
303.8,312.7,1414,41.7,190,L,0
299.0,309.0,1351,52.2,44,M,0
300.7,310.3,1458,40.0,207,L,0
298.1,307.8,1379,49.1,135,L,0
302.4,310.2,1633,28.0,164,L,0
302.3,311.0,1329,51.5,154,L,0
297.9,307.6,1503,40.7,124,L,0
299.0,310.3,1635,34.5,168,M,0
300.5,309.8,1939,21.4,164,L,0
295.8,306.5,1568,35.1,111,L,0
301.1,310.5,1547,35.8,81,M,0
299.4,309.2,1569,40.8,73,L,0
301.0,311.5,1559,31.8,195,L,0
298.7,309.9,1411,45.1,51,M,0
301.0,311.3,1597,39.2,66,H,0
300.4,311.4,1424,44.6,127,L,0
299.8,309.6,1434,48.0,82,M,0
298.9,310.2,1331,49.0,121,M,0
297.4,308.3,1472,45.5,2,L,0
300.2,311.0,2370,14.7,144,M,0
298.9,310.1,1442,48.0,181,L,0
302.0,311.0,1563,36.2,8,L,0
301.3,310.3,1313,55.6,127,L,0
299.4,309.2,1621,34.5,48,L,0
302.3,311.9,1508,42.3,159,M,0
298.5,309.5,1480,38.1,160,L,0
300.3,309.2,1364,47.6,45,M,0
301.1,310.0,1433,48.1,14,M,0
302.4,310.3,1479,36.2,115,L,0
301.6,311.2,1408,42.9,89,L,0
301.9,310.9,1567,39.0,214,L,0
299.0,310.2,1682,28.8,49,L,0
298.8,308.8,1991,20.7,59,L,0
297.5,308.4,1350,52.2,157,M,0
296.7,308.0,1451,50.7,197,L,0
300.6,310.4,1401,42.6,114,L,0
299.3,309.1,1531,37.9,127,L,0
300.2,309.8,1743,24.1,18,M,0
297.4,308.5,1497,36.4,56,M,0
298.2,309.7,1585,37.4,118,L,0
301.6,310.9,1385,50.7,195,L,0
302.1,310.6,1517,38.9,2,M,0
301.7,311.2,1589,37.9,75,L,0
298.9,309.6,1284,55.3,166,M,0
300.8,311.2,1429,52.3,77,M,0
298.9,310.0,1452,48.9,185,L,0
301.7,310.6,1406,46.0,112,L,0
299.1,308.1,1479,40.7,10,L,0
300.7,310.9,1468,41.8,112,M,0
298.4,308.9,1501,50.0,203,L,0
302.2,311.7,1556,38.6,145,L,0
301.2,310.6,1670,30.0,40,L,0
300.1,309.7,1641,30.4,41,L,0
300.7,311.1,2377,14.3,135,L,0
297.5,308.7,1453,37.6,112,L,0
302.5,312.0,1451,43.2,189,M,0
300.2,311.7,1448,54.2,173,L,0
300.1,311.3,1518,40.2,130,M,0
300.2,311.4,1483,44.4,141,L,0
299.2,308.4,1509,39.4,0,L,0
297.8,308.4,1512,39.9,181,L,0
297.5,308.6,1352,52.6,12,L,0
301.7,311.3,1421,45.9,85,L,0
300.4,311.6,1674,33.0,172,L,0
297.3,308.8,1554,36.1,70,L,0
297.8,308.8,1548,36.9,64,L,0
300.5,311.8,1591,42.0,182,M,0
302.4,312.0,1545,36.4,12,L,0
298.5,309.5,1561,34.8,35,L,0
299.3,309.0,1425,40.6,123,H,0
304.1,313.2,1452,48.0,126,L,0
302.3,311.2,1432,42.7,68,M,0
302.3,311.7,1517,37.6,124,M,0
297.4,308.3,1535,34.6,51,M,0
304.0,312.9,1313,53.9,202,L,0
297.7,309.1,1435,38.8,165,L,0
298.1,308.4,1515,43.8,6,H,0
300.6,312.0,1406,55.1,136,L,0
302.0,311.2,1270,65.3,182,L,1
301.4,310.7,1459,37.7,40,M,0
297.1,308.3,1763,25.7,139,L,0
300.9,310.9,1474,35.7,175,H,0
299.3,308.6,1605,37.0,78,L,0
302.4,311.4,1475,40.4,126,L,0
297.3,308.7,1655,34.1,21,M,0
296.8,307.8,1565,39.5,124,L,0
302.3,311.6,1784,26.4,79,L,0
302.3,311.7,1540,28.9,149,M,0
303.8,312.9,1819,23.7,16,L,0
302.3,311.7,1544,43.2,128,L,0
298.7,308.4,1441,43.2,132,M,0
298.8,308.4,1401,47.3,10,L,0
297.4,308.2,1401,51.9,117,M,0
297.1,307.9,1492,39.4,171,L,0
299.3,309.0,1732,29.7,141,H,0
297.5,308.1,1334,72.0,151,M,1
302.3,310.8,1723,26.3,213,L,0
301.9,311.0,1642,33.1,126,L,0
303.6,313.0,1522,35.8,133,L,0
303.5,312.4,1340,44.5,76,L,0
300.8,310.4,1368,46.8,21,L,0
297.3,308.1,1615,35.4,217,L,0
300.4,309.8,1421,47.2,0,M,0
303.0,311.2,1383,44.6,198,L,0
300.7,310.1,1598,32.8,79,L,0
300.5,310.5,1695,26.7,28,L,0
296.8,307.4,1549,48.3,105,L,0
302.7,311.7,1480,45.2,8,L,0
297.3,308.6,1471,50.7,157,M,0
301.1,311.0,1378,51.1,190,L,0
300.4,311.4,1936,23.9,131,L,0
300.0,309.9,1651,28.1,114,M,0
300.5,309.5,1777,23.6,0,L,0
298.9,308.7,1772,28.4,177,M,0
302.3,310.8,1377,47.3,22,L,0
300.6,310.5,1570,38.3,14,L,0
297.1,307.9,1662,26.9,183,M,0
300.7,310.2,1348,54.8,50,L,0
301.4,310.8,1698,29.6,99,L,0
304.1,313.5,1470,45.8,85,M,0
301.9,309.6,1446,43.2,225,L,0
300.7,309.7,1507,52.4,163,L,0
302.4,311.8,1648,30.0,122,L,0
300.4,309.6,1571,33.6,126,H,0
300.8,310.3,1526,36.3,205,M,0
300.0,309.5,1717,28.3,48,L,0
298.8,308.8,1445,49.9,4,H,0
298.1,308.7,1568,32.9,10,L,0
297.2,308.6,1335,53.0,39,L,0
302.6,312.1,1439,52.3,35,L,0
299.7,309.1,1715,27.8,192,L,0
299.2,308.4,1381,42.5,54,M,0
297.1,308.2,1399,42.6,194,L,0
300.0,311.5,1451,49.0,115,M,0
299.0,308.6,1648,30.8,98,L,0
298.8,308.7,1445,48.5,70,L,0
298.8,310.0,1484,44.9,80,M,0
302.4,311.2,1404,52.0,57,L,0
297.6,308.3,1478,42.3,193,L,0
300.6,309.4,1691,28.0,36,H,0
303.8,312.9,1815,27.8,66,M,0
299.1,308.3,1325,46.9,28,L,0
302.2,310.8,2203,16.6,47,L,0
296.9,307.8,1549,35.8,206,H,0
299.5,309.3,1972,19.3,177,L,0
297.5,308.8,1824,24.0,179,H,0
300.6,310.4,2514,13.4,215,L,1
300.3,311.7,1236,57.5,12,M,0
298.0,308.3,1544,34.7,213,L,0
298.9,308.6,1623,31.0,180,H,0
300.6,309.5,1576,38.8,124,L,0
297.5,308.7,1546,38.0,123,M,0
299.1,310.6,1921,23.9,158,L,0
301.5,310.6,1490,48.1,81,L,0
297.6,309.0,1885,25.2,24,H,0
298.9,310.0,1456,43.8,15,M,0
298.8,309.8,1437,48.2,164,H,0
297.6,308.8,1683,31.6,79,M,0
300.3,309.5,1320,62.2,142,M,0
297.5,308.9,1443,43.5,0,L,0
301.3,311.1,1647,28.2,140,L,0
298.0,308.8,1790,27.2,193,L,0
299.0,310.3,1582,33.3,177,M,0
299.6,309.4,1331,46.4,16,L,0
303.1,311.2,1435,40.1,219,L,0
302.8,311.0,1564,38.5,85,L,0
300.7,310.1,1542,35.5,191,L,0
301.5,310.7,1596,35.4,150,L,0
299.8,309.6,1447,43.1,12,L,0
301.3,311.0,1463,50.2,214,M,0
298.0,308.7,1436,48.2,201,M,0
300.6,309.3,1409,38.7,115,L,0
298.5,308.8,1305,58.7,26,L,0
301.1,309.6,1501,36.1,156,L,0
300.0,310.2,1486,36.4,66,L,0
302.4,310.1,1645,31.6,93,L,0
302.3,311.1,1630,35.6,183,L,0
298.5,308.7,1575,33.9,128,L,0
300.0,309.4,1498,38.5,37,H,0
300.5,309.7,1887,24.3,28,L,0
300.1,309.4,1694,27.4,44,L,0
297.5,308.7,1761,26.2,164,L,0
298.8,309.1,1439,39.2,104,L,0
301.7,310.8,1954,21.6,198,M,0
297.8,308.4,1714,33.2,177,L,0
302.6,312.1,1499,35.0,215,L,0
300.0,311.4,1508,38.2,18,L,0
300.7,311.9,1419,47.7,179,L,0
297.1,307.9,1496,44.7,88,L,0
298.0,308.7,1377,48.5,181,M,0
298.2,308.0,1499,44.1,166,L,0
303.6,313.0,1396,38.2,117,M,0
298.8,308.7,1543,38.2,44,M,0
299.0,308.6,1434,45.9,108,L,0
301.2,311.0,1596,37.2,219,L,0
297.4,309.2,1428,38.8,26,L,0
297.8,308.9,1650,32.2,195,H,0
301.0,310.4,1665,30.9,177,M,0
298.6,309.6,1540,35.8,5,L,0
298.8,308.8,1497,46.8,72,M,0
298.0,308.3,1362,56.8,216,L,0
300.3,311.7,1571,31.2,123,L,0
302.2,310.8,1827,23.8,9,L,0
300.9,312.0,2129,17.8,173,H,0
299.1,310.1,1373,55.6,108,L,0
301.8,311.1,1495,36.9,197,L,0
298.4,309.0,1474,52.7,95,L,0
300.6,310.5,2156,18.0,16,M,0
300.5,312.0,1375,43.2,108,H,0
295.7,306.5,1737,26.2,97,L,0
298.4,309.7,1581,34.6,150,L,0
302.1,310.6,1421,52.0,95,M,0
299.0,308.7,1408,48.5,25,H,0
300.6,311.8,1501,44.8,226,L,0
297.9,308.8,1602,32.1,59,M,0
297.6,308.7,1376,59.9,74,M,0
301.0,312.2,1602,35.9,67,L,0
300.5,310.4,1761,26.5,12,L,0
297.4,308.4,1343,40.0,61,L,0
300.8,312.6,1376,53.6,119,L,0
300.5,311.7,1409,54.7,104,L,0
301.6,310.5,1809,25.5,40,L,0
300.0,309.3,1972,22.0,175,L,0
302.6,311.4,1738,25.8,128,L,0
298.1,307.7,1705,29.1,109,L,0
295.6,306.2,1443,48.9,33,L,0
303.4,311.7,1793,25.8,161,L,0
300.0,311.4,1466,39.0,125,M,0
300.7,311.0,1318,48.2,128,L,0
300.1,311.4,1418,47.7,73,L,0
301.2,310.7,1747,27.3,35,H,0
302.6,310.3,1647,34.2,14,L,0
302.0,310.6,1346,54.7,196,H,0
302.5,311.5,1493,35.1,131,L,0
298.2,308.4,1512,34.9,181,L,0
300.8,310.9,1311,55.8,118,L,0
298.1,307.7,1388,40.3,109,L,0
298.3,309.6,1469,54.8,191,M,0
297.8,307.4,1418,41.2,155,L,0
301.0,311.6,1352,63.5,143,L,0
298.7,309.9,1753,26.8,40,L,0
299.0,308.4,1535,47.5,163,M,0
302.0,310.4,1336,58.2,110,L,0
300.7,310.6,1439,41.7,184,M,0
300.6,311.6,1455,48.0,203,L,0
299.8,310.8,1530,35.2,163,M,0
301.0,310.5,1379,57.3,204,L,0
298.9,308.5,1555,37.6,142,M,0
301.7,310.1,1743,27.3,210,M,0
300.7,311.7,1460,46.1,15,L,0
299.0,308.8,1382,58.5,199,H,0
298.3,308.4,1593,37.0,174,L,0
300.7,310.3,1369,50.7,12,H,0
302.0,311.3,1567,41.1,26,L,0
298.5,309.7,1354,60.8,96,M,0
298.5,309.4,1573,33.6,143,H,0
298.4,309.5,1514,38.8,128,M,0
298.3,309.1,1632,32.7,0,M,0
300.7,309.6,1925,20.5,9,H,0
300.9,310.6,1538,36.7,3,L,0
299.8,309.6,1346,53.2,95,M,0
302.3,311.5,1794,26.1,7,L,0
297.9,308.4,1646,40.6,175,L,0
299.1,308.5,1455,39.8,145,L,0
298.1,307.6,1764,27.7,23,M,0
297.5,309.3,1564,37.5,20,L,0
295.9,306.6,1532,38.6,104,M,0
300.8,311.7,1490,46.4,217,L,0
299.7,310.3,1462,40.4,19,H,0
299.1,308.3,1424,43.4,16,H,0
304.2,313.4,1329,54.5,75,M,0
297.5,309.4,1517,36.7,233,L,0
298.8,309.9,1466,44.6,66,H,0
296.8,308.2,1361,53.8,193,L,0
298.1,308.6,1354,53.9,207,L,0
298.9,309.3,1375,42.7,58,H,0
299.2,310.4,1611,36.4,32,L,0
295.8,306.5,1534,37.9,88,L,0
299.0,310.3,1577,40.0,181,L,0
302.1,311.0,1364,50.0,205,L,0
298.7,309.6,1755,26.9,73,H,0
302.4,311.1,1887,22.4,197,M,0
300.0,309.3,1407,43.9,138,M,0
302.6,310.3,1642,33.2,82,L,0
298.2,308.3,1476,43.5,129,M,0
298.7,309.8,1469,38.4,62,L,0
297.5,308.6,1429,50.5,129,M,0
297.4,308.5,1495,37.8,211,L,0
301.8,310.7,1383,45.7,44,M,0
301.6,310.7,1421,44.4,94,M,0
300.8,312.0,1443,53.3,151,M,0
298.5,309.6,1462,45.1,115,L,0
301.6,310.5,1414,49.3,106,M,0
300.8,311.1,1480,41.1,176,L,0
301.0,311.1,1420,47.4,167,M,0
298.2,308.8,1626,40.4,20,M,0
300.1,311.6,1589,37.9,37,H,0
300.1,309.6,1760,25.4,55,L,0
303.4,311.4,1606,29.6,122,M,0
302.1,311.4,1549,44.6,31,L,0
299.4,309.0,1939,19.8,204,M,0
301.0,310.5,1248,61.4,77,L,0
302.6,311.0,1506,37.2,95,L,0
303.5,312.0,1397,52.9,80,H,0
302.2,310.6,1462,43.6,0,L,0
301.5,310.4,1276,55.6,158,M,0
298.7,309.7,1547,37.4,0,L,0
300.6,309.6,1409,42.4,57,L,0
300.7,311.8,1407,42.4,224,M,0
298.5,309.4,1521,37.5,94,M,0
301.5,310.8,1512,38.9,9,L,0
297.2,308.1,1446,38.5,164,L,0
298.1,310.0,1393,43.1,65,M,0
300.9,310.4,1561,32.7,67,L,0
298.6,309.5,1450,44.3,7,L,0
297.2,308.5,2182,16.5,127,L,0
299.1,310.2,1352,52.8,41,L,0
301.4,310.6,1648,30.7,90,L,0
302.3,311.0,1446,37.6,75,L,0
303.5,312.9,1504,44.8,111,L,0
296.8,307.8,1394,47.7,155,L,0
297.4,308.4,1571,39.4,0,L,0
297.5,308.9,1581,30.4,155,L,0
298.3,309.5,1711,30.3,148,L,0
300.2,310.1,1649,30.5,43,L,0
303.6,312.4,2232,16.8,0,L,0
297.9,309.0,1629,29.0,26,L,0
302.4,310.1,1418,52.3,141,L,0
297.9,308.7,1751,26.6,111,M,0
298.4,309.2,2118,17.7,210,L,0
296.6,307.6,1498,41.1,80,L,0
299.6,309.5,1570,35.5,189,L,0
297.4,308.5,1566,31.4,76,M,0
302.6,311.5,1427,38.9,213,L,0
301.7,311.0,1343,49.2,25,L,0
303.5,312.0,1761,25.8,105,L,0
302.0,310.5,1812,24.4,138,H,0
301.4,310.7,1536,44.4,96,H,0
301.5,310.5,1479,34.2,147,L,0
299.0,310.0,1360,48.1,37,L,0
300.0,310.2,1675,29.7,64,L,0
298.8,310.6,1651,33.3,0,L,0
301.9,310.4,1286,62.8,22,L,0
295.9,306.6,1678,26.7,53,L,0
300.5,311.4,1432,47.5,51,L,0
300.0,311.4,1384,46.1,7,M,0
300.8,310.8,1466,45.2,188,H,0
298.3,309.3,1401,51.9,14,L,0
296.6,307.5,1557,35.1,60,L,0
297.5,309.3,1479,39.4,22,L,0
302.6,310.6,1549,37.5,199,L,0
302.3,311.4,1845,21.9,27,L,0
298.2,308.6,1433,39.5,7,L,0
300.3,311.5,1540,41.5,151,M,0
297.4,308.5,1412,45.5,49,M,0
298.0,308.5,1429,37.7,220,L,0
301.9,311.0,2691,12.1,31,L,1
296.6,307.5,1439,45.5,199,L,0
295.8,306.6,1508,46.5,99,L,0
300.8,311.7,1468,38.7,39,H,0
300.9,310.9,1477,41.5,100,L,0
300.9,312.0,1402,50.7,185,M,0
304.1,313.2,1590,43.4,52,H,0
299.0,310.3,1494,46.6,144,M,0
298.7,310.2,1717,27.3,26,L,0
297.6,309.3,1415,41.3,17,M,0
300.0,309.1,1882,23.8,84,L,0
297.9,307.5,1602,38.3,21,L,0
301.5,310.5,1396,44.5,117,L,0
303.7,312.4,1316,59.3,137,L,0
298.7,309.2,1410,45.6,47,M,0
302.3,311.7,1510,38.7,141,L,0
301.6,310.6,1478,36.6,218,L,0
303.8,313.2,1732,29.6,147,M,0
298.4,308.9,1782,23.9,24,H,0
299.3,308.4,1438,42.3,0,M,0
300.6,311.7,1734,29.9,72,L,0
299.8,311.0,1948,20.0,185,M,0
300.9,311.0,1499,38.0,111,L,0
300.3,311.9,1429,41.6,184,M,0
302.6,312.0,1674,32.2,70,L,0
298.4,309.1,1579,36.1,123,L,0
300.9,311.2,1789,25.5,114,L,0
302.4,312.0,1621,32.5,169,L,0
300.8,310.9,1678,28.1,63,M,0
300.7,311.1,1608,35.3,167,M,0
300.2,310.6,1431,42.3,113,L,0
300.1,308.9,1548,38.4,31,M,0
300.6,311.0,1543,34.7,89,L,0
301.3,311.3,1509,42.5,213,L,0
300.7,310.6,1540,52.7,85,L,0
302.3,311.1,1295,57.1,146,M,0
297.9,307.8,1303,59.3,75,M,0
300.0,309.6,1618,28.7,53,L,0
301.0,312.0,1558,37.5,190,M,0
299.2,310.5,1391,45.8,38,L,0
301.8,310.3,1538,36.1,198,L,0
303.6,311.8,1421,44.8,101,M,0
303.6,311.8,1421,44.8,1010,M,1
297.1,308.0,1690,25.6,159,M,0
298.8,308.2,1450,44.7,14,H,0
300.1,311.3,1305,64.7,66,L,0
297.5,309.3,1563,36.1,100,H,0
300.0,309.6,1477,38.1,13,M,0
298.4,309.4,1461,46.3,121,L,0
301.7,309.8,1398,46.0,109,L,0
297.3,308.2,1653,31.4,9,H,0
302.4,310.2,1642,28.3,88,L,0
297.8,307.3,1438,44.5,3,L,0
300.6,310.2,1648,31.7,46,L,0
300.6,309.9,1480,43.7,153,L,0
297.9,307.8,1286,59.5,55,L,0
297.6,308.9,1449,47.7,209,L,0
303.4,311.5,1560,36.4,114,M,0
299.7,309.2,1401,54.1,118,L,0
302.5,310.3,1488,41.8,160,M,0
299.6,309.1,1630,32.3,194,H,0
295.8,306.4,1399,47.6,84,L,0
299.0,310.4,1339,49.6,94,L,0
299.3,308.7,1579,36.3,211,L,0
298.3,308.5,1664,31.6,144,L,0
300.5,312.0,1985,19.3,143,M,0
300.2,311.5,1432,43.6,127,H,0
298.1,308.0,1652,28.5,63,L,0
298.9,309.2,1581,36.7,101,M,0
297.4,308.1,1749,25.9,8,L,0
302.6,312.1,1502,47.3,171,L,0
300.7,311.8,1478,41.9,207,L,0
298.3,309.6,1681,27.1,194,M,0
303.7,312.6,1429,43.3,189,M,0
300.5,309.5,1795,27.7,117,L,0
301.3,310.8,1428,55.2,88,L,0
300.7,311.1,2478,13.4,170,L,0
300.5,310.3,1435,43.3,31,L,0
299.4,310.4,1509,40.6,175,L,0
302.0,310.9,1663,31.5,81,L,0
301.5,310.5,1535,39.0,204,L,0
299.1,310.4,1450,40.9,85,L,0
303.5,311.8,1927,21.9,195,L,0
303.8,312.6,1768,23.9,149,M,0
297.5,309.4,1368,45.3,129,H,0
297.0,307.8,1553,33.3,155,L,0
298.1,307.7,1664,27.6,145,L,0
298.4,308.9,1628,34.9,93,L,0
303.3,311.8,1536,40.6,205,M,0
301.1,310.0,1470,40.1,23,H,0
302.2,311.5,1427,43.8,88,L,0
297.9,308.7,1545,35.9,120,H,0
300.7,310.2,1286,64.9,160,L,1
303.5,312.3,1532,41.7,32,M,0
297.9,307.8,1459,46.9,85,L,0
295.4,305.9,1518,40.6,178,M,0
301.9,311.0,1291,63.6,137,H,0
303.4,311.9,1531,37.9,203,L,0
296.4,307.5,1331,47.8,99,L,0
302.0,310.9,1456,47.2,54,M,0
297.1,308.5,1578,35.6,46,L,0
301.6,310.4,1561,35.3,156,L,0
298.2,309.0,1446,45.8,80,M,0
295.8,306.4,1339,53.2,67,L,0
303.4,311.6,1564,41.9,137,L,0
300.9,310.9,1497,43.2,62,L,0
301.7,311.2,1418,38.0,166,L,0
297.6,309.5,1924,20.6,37,L,0
299.3,310.5,1462,40.5,24,M,0
300.0,309.5,1879,22.4,79,M,0
300.5,309.7,1560,30.2,139,L,0
301.3,311.2,1457,44.5,14,L,0
298.5,309.6,1438,44.5,124,M,0
300.0,309.9,1530,34.5,71,M,0
301.5,310.9,1600,39.0,160,L,0
303.6,312.7,1403,46.2,57,H,0
301.4,310.8,1490,38.0,168,L,0
298.7,309.8,1402,54.3,128,L,0
299.6,309.2,1602,37.3,31,L,0
297.2,308.6,1444,41.1,56,M,0
297.5,308.2,1647,31.3,3,L,0
297.9,307.7,1517,44.4,67,L,0
298.7,310.1,1506,50.7,53,M,0
300.2,311.6,1356,53.5,132,L,0
297.9,307.7,1546,37.6,10,L,0
297.9,3070.7,1546,37.6,10,L,0
2978.9,3070.7,1546,37.6,10,L,1
2978980.9,3070.7,1546,37.6,10,L,1
100.0,100.0,20,20.0,20,M,0
-25.0,0.0,0,0.0,0,,0
300.5,309.5,1320,49.9,59,M,0
303.7,312.4,1631,28.5,132,M,0
298.9,310.3,1364,54.0,95,L,0
298.4,309.4,1385,50.0,201,L,0
300.1,309.8,1506,35.2,21,L,0
301.1,310.8,1724,27.5,101,L,0
303.7,312.5,1520,35.6,154,H,0
300.5,311.9,1710,28.4,158,L,0
298.8,309.1,1418,46.3,133,L,0
302.1,311.4,1467,43.4,33,M,0
302.9,312.2,1729,23.6,96,L,0
303.0,312.5,1698,30.0,89,H,0
302.9,312.3,1426,44.7,157,M,0
297.8,308.4,1737,27.5,146,L,0
301.0,310.9,1822,21.6,168,L,0
301.5,310.9,1580,32.3,11,L,0
298.0,307.9,1417,51.0,137,M,0
302.6,312.2,1458,38.8,34,M,0
299.0,310.3,1520,45.0,171,L,0
301.2,310.3,1451,39.7,123,L,0
300.6,309.3,1510,46.0,87,M,0
302.0,311.2,1400,49.5,20,M,0
300.8,310.6,1505,36.2,0,M,0
299.9,310.4,1470,50.0,148,L,0
301.0,312.2,1372,47.0,59,L,0
298.8,309.6,1523,41.9,165,L,0
297.4,308.6,1439,46.4,114,L,0
300.8,310.4,1518,36.0,59,M,0
300.0,309.6,1364,45.9,16,L,0
304.1,313.2,1412,47.5,150,L,0
298.6,309.8,1704,28.3,64,L,0
301.0,309.6,1588,32.7,138,M,0
301.0,310.9,1296,54.9,69,L,0
302.2,311.1,1447,52.1,174,L,0
298.9,308.5,1456,50.0,156,M,0
303.1,312.8,1465,44.1,109,L,0
300.5,309.8,1555,38.9,166,M,0
300.4,309.6,1432,44.7,192,L,0
300.1,309.5,1660,32.7,57,L,0
298.1,307.9,1665,32.0,7,L,0
300.3,309.2,1412,44.8,200,L,0
297.4,309.1,1463,35.0,183,M,0
301.0,311.2,1521,35.8,13,M,0
301.6,310.0,1566,30.3,79,L,0
302.2,311.5,1863,25.7,85,M,0
303.4,312.7,1399,48.4,34,M,0
299.6,311.1,1679,30.7,129,L,0
297.7,309.0,1874,24.4,28,L,0
296.7,307.8,1400,47.5,3,L,0
301.9,310.6,1260,65.9,29,M,0
297.9,309.0,1456,46.5,52,L,0
301.0,310.9,1679,29.8,64,L,0
297.5,308.9,1738,24.0,195,L,0
297.4,308.6,1276,53.6,103,L,0
300.6,310.9,1433,42.6,101,L,0
297.7,308.8,1388,45.6,190,M,0
301.0,312.1,1377,49.9,48,L,0
298.9,310.1,1442,42.9,153,M,0
302.6,311.0,1610,39.2,152,L,0
300.3,311.1,1605,37.1,160,L,0
299.1,310.6,1332,48.0,148,H,0
300.1,309.1,1731,30.4,92,M,0
299.7,310.4,1410,44.5,105,M,0
301.4,310.6,1674,33.6,49,H,0
300.4,312.0,1631,34.9,115,L,0
297.1,308.1,1633,33.3,192,L,0
301.0,310.8,1558,34.9,196,L,0
298.8,309.1,1378,54.4,165,L,0
302.2,311.7,1393,42.5,53,M,0
300.8,310.3,1458,43.4,0,M,0
301.4,310.5,1489,43.5,98,L,0
300.7,311.0,1413,44.3,72,M,0
297.1,307.9,1365,54.0,174,H,0
296.9,307.8,1425,49.1,163,L,0
296.9,307.8,1605,37.0,84,L,0
299.6,311.1,1521,37.2,131,L,0
296.9,308.3,1555,38.2,175,L,0
300.0,309.1,1631,28.3,110,L,0
297.4,308.9,1376,39.0,181,M,0
298.0,308.2,1620,35.8,5,L,0
298.3,308.8,1645,30.4,33,L,0
296.3,307.4,1958,19.1,67,M,0
297.6,308.8,1416,45.9,101,M,0
302.3,310.9,1403,47.2,173,L,0
302.4,310.4,1865,23.9,129,L,0
300.9,309.7,1460,42.1,181,L,0
298.0,308.5,1461,48.0,68,L,0
299.1,310.5,1485,37.8,46,L,0
297.1,308.2,1790,30.3,128,H,0
302.5,311.1,1538,36.8,208,L,0
301.3,311.1,1504,39.1,2,L,0
300.7,310.0,1641,34.6,178,M,0
300.7,310.5,1594,31.0,196,M,0
297.7,309.0,1507,38.2,94,L,0
301.5,311.0,1504,42.6,109,M,0
298.6,308.4,1391,42.4,169,M,0
298.2,308.8,1456,41.2,150,M,0
298.3,308.7,1667,28.6,18,M,0
297.5,308.4,1403,44.3,25,M,0
300.8,311.2,2237,17.0,95,H,0
301.8,311.2,1417,55.9,156,L,0
297.8,309.7,1935,22.1,171,L,0
300.2,309.4,1558,38.3,51,L,0
298.9,310.3,1496,36.3,161,L,0
298.2,307.9,1462,45.5,171,H,0
301.5,310.6,1998,20.2,210,L,0
302.2,311.5,1616,34.0,19,L,0
297.6,308.3,1648,29.1,134,M,0
303.7,312.4,1642,32.3,206,M,0
300.4,310.0,1282,66.1,40,L,0
299.6,309.3,1577,39.8,48,M,0
297.2,307.9,1326,75.4,172,L,1
302.3,311.7,1456,45.4,130,H,0
300.8,311.7,1432,45.8,6,L,0
300.2,309.4,1752,27.8,208,M,0
301.4,310.9,1557,39.3,174,M,0
299.1,308.9,1467,47.2,218,L,0
298.1,307.7,1376,56.2,113,H,0
298.0,308.5,1666,31.0,198,M,0
301.7,309.8,1284,68.2,111,M,1
300.6,310.5,1509,43.1,31,L,0
301.1,310.2,1496,43.4,54,L,0
298.9,308.3,1576,36.6,7,L,0
300.4,311.3,1608,35.1,114,L,0
302.8,310.6,2016,19.9,199,L,0
297.7,308.1,2189,15.6,186,M,0
300.7,311.5,1441,40.6,33,M,0
300.7,310.5,1357,52.6,199,L,0
300.9,312.0,1720,27.9,202,H,0
300.7,309.3,1425,45.3,100,L,0
297.2,308.6,1366,50.4,74,L,0
300.3,311.5,1548,32.2,25,L,0
302.0,310.6,1361,46.7,182,L,0
299.8,311.2,1664,28.3,173,L,0
298.6,308.3,1422,40.4,179,L,0
303.8,313.2,1710,26.5,190,M,0
297.4,308.7,1510,36.2,92,L,0
300.9,310.8,1476,39.0,10,L,0
298.4,308.5,1827,24.3,153,H,0
299.2,308.8,1542,39.2,179,L,0
299.1,310.6,1397,49.5,165,M,0
300.4,309.5,1547,50.7,131,H,0
298.2,307.8,1566,33.8,100,M,0
303.7,312.6,1711,27.6,170,H,0
303.9,313.2,1422,48.0,215,M,0
303.8,312.8,1428,53.3,152,L,0
301.0,310.4,1614,31.6,84,L,0
301.0,310.6,1588,33.7,114,L,0
301.4,310.6,1459,35.0,87,M,0
303.7,312.9,1461,50.1,31,L,0
298.9,309.8,1947,21.7,105,M,0
300.1,309.7,1601,35.8,160,L,0
298.0,307.7,1430,47.3,49,L,0
299.2,308.6,1381,50.0,193,L,0
298.7,309.8,1695,29.0,145,L,0
300.3,311.6,1312,53.4,151,M,0
301.1,311.3,1389,53.3,8,M,0
304.0,313.0,1701,30.4,171,H,0
300.6,312.1,1354,46.9,138,H,0
301.1,310.7,2219,16.7,79,M,0
299.6,310.2,1512,44.0,79,L,0
302.3,311.3,1614,34.1,129,L,0
298.0,309.0,1439,38.5,34,M,0
299.0,309.0,1419,45.2,27,M,0
300.6,311.7,1556,34.9,76,L,0
302.6,311.6,1576,34.7,182,L,0
300.1,311.4,1390,52.1,94,M,0
302.7,312.4,1444,48.7,9,L,0
297.9,307.6,1505,40.1,166,M,0
297.5,308.4,1433,50.0,218,L,0
297.5,308.8,1587,34.9,166,L,0
300.7,311.9,1657,30.9,116,M,0
302.5,310.3,1551,37.3,168,L,0
299.4,309.2,1427,41.5,29,L,0
297.5,308.5,1447,41.6,118,M,0
297.3,308.7,1577,35.6,133,M,0
295.5,306.0,1326,50.8,18,M,0
303.7,312.3,1511,38.9,117,L,0
296.2,307.2,1385,44.0,5,M,0
296.9,307.5,2721,9.3,18,L,0
297.1,308.4,1550,37.0,167,L,0
299.8,310.6,1694,31.3,121,M,0
299.7,309.2,1631,35.1,177,L,0
300.4,309.5,1711,29.2,215,L,0
300.9,310.7,1468,36.2,208,L,0
297.8,308.8,1421,49.6,101,L,0
298.9,310.0,1719,27.3,58,L,0
301.7,310.5,1724,33.0,171,M,0
297.5,308.4,1723,27.3,67,L,0
298.6,309.8,1637,34.6,207,L,0
296.6,307.7,1386,62.3,100,H,0
300.5,309.9,1397,45.9,210,H,0
297.8,309.2,1400,56.9,34,L,0
297.0,308.2,1577,29.4,130,L,0
298.2,308.9,1326,54.4,75,M,0
301.4,310.8,1285,62.6,183,L,1
297.4,308.5,1638,32.2,84,M,0
302.5,311.2,1545,40.1,165,L,0
300.6,310.7,1654,32.0,180,M,0
302.0,310.9,1378,53.1,212,L,0
295.8,306.4,1335,51.7,69,M,0
298.0,308.6,1481,42.5,54,L,0
301.2,309.9,1362,50.7,25,H,0
300.7,310.0,1672,29.7,176,L,0
297.9,307.4,1403,52.8,0,M,0
299.6,309.0,1648,33.6,70,L,0
300.8,310.1,1686,26.9,128,M,0
298.8,308.7,1635,35.2,47,L,0
303.6,311.8,1421,44.8,1009,M,1
299.4,309.9,1567,40.6,87,M,0
301.9,311.5,1492,40.8,150,M,0
300.0,311.2,1629,31.7,62,L,0
300.8,310.7,1358,48.1,198,L,0
297.9,308.0,1954,21.1,42,L,0
301.4,310.6,1459,46.9,27,M,0
303.5,312.9,1530,34.5,110,M,0
301.4,310.8,1680,31.4,185,L,0
299.1,308.6,1437,41.6,183,L,0
298.8,310.6,1602,39.1,211,L,0
300.2,309.9,1566,36.4,170,L,0
298.0,307.5,1784,27.8,163,M,0
301.1,311.3,1836,22.8,31,M,0
299.7,311.2,1352,52.1,176,L,0
297.5,308.3,1544,40.8,37,L,0
303.7,313.0,1811,24.3,209,L,0
296.7,307.4,1540,38.7,45,M,0
301.5,310.5,1702,28.7,135,L,0
301.9,309.6,1439,41.7,201,M,0
298.5,309.9,1482,42.1,15,L,0
297.4,308.8,1325,62.4,204,M,0
301.0,310.8,1475,35.3,19,L,0
295.5,306.2,1448,48.9,65,L,0
300.4,309.7,1534,42.5,127,L,0
300.4,311.3,1350,56.5,31,M,0
297.9,309.0,1379,47.3,28,L,0
299.4,308.7,1289,60.5,104,M,0
299.8,309.4,1475,43.4,51,L,0
297.5,308.4,1528,39.9,160,L,0
298.2,308.9,1278,54.0,18,L,0
303.3,311.2,1763,27.3,27,L,0
300.8,310.8,1415,44.5,87,M,0
297.6,309.6,1278,50.4,2,H,0
303.5,312.4,1318,54.2,177,M,0
304.2,313.5,1532,41.3,161,M,0
302.5,310.4,1580,35.6,176,M,0
301.8,311.0,1771,27.2,162,L,0
304.0,313.1,1408,39.8,132,H,0
300.2,309.3,1506,35.6,63,H,0
300.5,311.5,1370,56.1,7,M,0
303.9,313.0,1626,31.4,209,L,0
298.1,307.8,1761,28.2,76,L,0
299.1,308.3,1521,36.5,40,H,0
299.6,310.8,1400,40.8,118,L,0
297.6,308.6,1664,30.1,81,L,0
301.4,310.4,1689,30.6,110,L,0
302.3,311.2,1758,24.4,68,L,0
301.3,310.7,1516,46.0,119,L,0
301.8,310.8,1508,38.8,96,M,0
297.4,308.7,1323,51.1,130,H,0
296.8,307.9,1448,48.8,31,L,0
298.2,308.0,1577,35.9,151,M,0
298.9,310.6,1387,52.7,2,L,0
298.5,308.0,1404,48.1,32,L,0
298.8,308.5,1577,33.2,0,M,0
299.8,309.5,1641,27.1,16,L,0
297.7,308.7,1449,40.2,95,L,0
297.8,307.4,1902,24.3,129,M,0
300.6,310.6,1427,52.8,75,M,0
299.7,309.4,1399,39.9,91,L,0
302.9,312.4,1334,50.9,5,M,0
300.7,310.8,1814,21.4,59,L,0
298.4,307.9,1743,27.3,134,L,0
299.3,308.8,1636,35.5,180,H,0
302.4,311.4,1564,35.0,122,L,0
299.3,308.6,1520,41.4,67,H,0
299.6,310.6,1642,35.1,149,L,0
300.7,309.6,1421,49.8,165,M,0
301.4,310.4,1639,28.9,94,L,0
302.3,311.8,1879,23.0,124,M,0
299.3,308.8,1648,28.4,188,M,0
302.6,311.0,1284,68.0,114,L,1
301.3,311.1,1492,41.2,223,M,0
297.5,308.6,1355,58.9,138,H,0
302.1,311.5,1533,39.4,26,L,0
298.0,308.7,1503,36.3,5,H,0
301.4,310.3,1611,41.5,11,H,0
297.2,308.7,1398,38.1,88,M,0
301.2,309.9,1515,40.9,21,L,0
300.8,310.1,1405,61.2,189,L,1
302.4,312.1,1492,47.7,7,M,0
301.4,310.7,1786,26.1,123,L,0
297.4,308.5,1782,25.9,54,L,0
301.6,310.7,1683,29.7,131,L,0
298.8,309.6,1692,31.9,167,M,0
296.9,308.4,1557,32.4,173,L,0
297.2,308.4,1677,26.4,146,L,0
299.0,308.7,1892,22.8,96,L,0
302.4,310.3,1480,45.8,123,L,0
303.7,312.7,1426,45.5,192,L,0
301.2,309.9,1382,52.4,13,L,0
301.5,310.7,1460,38.6,14,M,0
300.7,310.6,1616,29.6,47,L,0
296.3,307.2,1646,35.0,192,L,0
298.0,308.7,1268,69.4,189,L,1
299.1,308.8,1502,38.3,88,L,0
300.2,311.3,1487,36.9,71,L,0
299.4,308.9,1550,33.7,174,L,0
301.9,311.2,1657,29.1,23,L,0
300.8,309.9,1444,46.0,180,M,0
298.0,308.5,1682,33.0,58,M,0
298.1,310.0,1553,40.9,49,L,0
301.7,310.2,1331,61.2,47,L,0
301.8,309.9,1418,51.3,116,H,0
300.0,309.4,2010,20.0,55,L,0
301.1,311.1,1384,42.5,185,M,0
297.5,308.7,1443,46.2,110,L,0
301.2,310.8,1479,41.2,155,L,0
297.9,309.1,1595,32.0,32,L,0
302.4,311.0,1555,40.6,205,L,0
304.4,313.7,1607,33.5,5,L,0
304.2,313.4,1475,40.2,98,L,0
300.4,310.5,1818,25.1,14,L,0
301.8,309.8,1546,39.8,121,M,0
301.9,311.4,1465,39.9,153,M,0
299.3,309.0,1734,30.6,154,L,0
297.5,308.6,1536,39.0,202,L,0
300.4,311.2,1673,28.9,171,L,0
300.5,311.0,1759,28.3,13,L,0
299.3,308.8,1550,45.8,170,L,0
302.6,312.0,1657,29.3,37,H,0
302.5,310.3,1592,32.6,174,L,0
300.6,309.7,1470,43.8,18,H,0
301.8,310.8,1546,43.4,29,L,0
300.2,311.7,1286,55.1,42,L,0
299.5,310.0,1481,43.1,90,L,0
301.8,310.6,1395,50.5,131,L,0
301.7,311.1,1578,40.5,174,M,0
297.9,308.1,1531,40.8,2,L,0
297.4,308.8,1651,34.1,163,L,0
298.7,308.5,1469,39.9,67,L,0
299.7,310.8,1418,46.6,197,H,0
298.4,308.9,1638,32.4,109,L,0
298.8,309.7,1450,43.1,63,L,0
302.6,310.5,1461,45.4,0,L,0
301.3,310.1,1662,31.0,37,L,0
299.5,308.8,1886,20.9,117,M,0
298.6,310.2,1668,31.5,7,M,0
298.7,308.5,1375,46.4,48,L,0
302.6,310.4,1451,43.1,35,M,0
300.8,310.5,1511,35.8,54,M,0
303.6,311.9,1617,36.0,95,M,0
298.4,308.2,1478,43.5,206,H,0
300.6,309.5,1471,49.6,29,L,0
301.6,310.6,1691,30.1,40,M,0
300.4,309.9,1496,31.8,154,L,0
300.5,309.9,1780,26.5,101,M,0
296.9,307.7,1653,35.9,177,L,0
297.2,308.3,1419,39.7,115,L,0
303.9,313.0,1901,22.5,110,M,0
297.7,308.7,1731,28.4,104,L,0
302.7,312.3,1858,25.4,2,L,0
303.5,312.7,1393,49.3,82,L,0
297.7,307.5,1379,43.3,111,L,0
300.7,310.8,1689,28.9,100,L,0
297.0,308.1,1537,39.0,103,L,0
300.4,311.7,1444,51.2,174,L,0
302.7,312.1,1597,39.8,153,L,0
299.8,309.4,1609,32.5,27,L,0
300.1,311.3,1535,42.3,92,L,0
300.3,310.0,1537,37.5,6,M,0
298.9,309.9,1404,39.8,62,L,0
302.3,311.7,1341,46.3,194,M,0
300.3,311.0,1613,34.7,142,L,0
300.1,309.1,1353,58.7,86,L,0
297.5,308.9,1596,30.7,5,L,0
298.2,308.3,2216,16.8,139,L,0
300.3,311.7,1821,26.3,202,L,0
298.8,309.9,1428,42.4,132,L,0
303.4,311.7,1673,32.2,166,L,0
300.9,310.0,1600,36.0,204,M,0
300.1,311.1,1619,33.4,186,L,0
302.9,312.4,1923,23.9,244,L,0
300.5,311.9,1576,31.1,149,L,0
303.5,313.0,1465,41.0,56,L,0
302.4,311.0,1486,40.4,192,L,0
299.8,309.0,1467,37.3,193,H,0
301.7,311.0,1441,44.3,208,L,0
297.8,307.3,1555,35.8,190,H,0
298.6,309.2,2035,19.6,40,L,0
298.2,308.0,1538,38.2,59,L,0
298.3,307.8,1330,55.4,114,M,0
297.3,308.7,1549,36.1,218,L,0
299.2,308.5,1374,53.6,143,L,0
299.9,309.2,1539,43.2,132,M,0
298.0,307.6,1385,45.0,158,L,0
301.2,310.0,1445,45.6,18,M,0
299.9,311.3,1647,27.5,26,L,0
297.2,308.5,1524,41.4,192,H,0
303.0,311.2,1511,45.7,184,L,0
300.1,311.5,1334,54.0,26,L,0
298.8,310.1,1380,44.0,56,H,0
299.1,308.6,1408,46.7,196,L,0
298.8,309.7,1751,29.6,160,L,0
303.1,311.3,1474,34.8,215,L,0
302.7,310.5,1563,35.0,8,L,0
299.9,309.4,1322,53.9,33,L,0
302.3,311.5,1384,50.8,13,L,0
303.8,312.5,1366,45.1,143,M,0
300.5,309.3,1578,30.5,34,M,0
299.2,310.7,1535,42.6,17,L,0
299.7,311.1,1439,44.9,174,L,0
301.9,311.0,1432,41.5,51,M,0
300.7,309.5,1439,43.8,41,M,0
301.8,310.8,1736,26.5,56,L,0
301.1,311.2,1774,29.6,186,L,0
299.2,308.6,1586,35.7,138,M,0
297.6,309.0,1815,25.3,66,M,0
297.3,308.3,1341,51.9,51,M,0
299.4,309.3,1401,59.0,38,L,0
295.6,306.1,1462,49.2,158,M,0
295.8,306.3,1337,54.6,87,L,0
298.6,309.6,1611,35.7,23,L,0
307.8,311.8,1421,44.8,1010,M,1
296.3,307.3,1368,49.5,10,L,0
299.4,308.6,1541,39.1,109,M,0
301.9,310.7,1480,47.1,68,L,0
302.7,312.4,1360,47.8,11,L,0
302.9,311.0,1820,24.6,128,L,0
302.0,310.3,1648,29.6,157,L,0
298.3,308.1,1528,33.9,82,L,0
297.3,308.3,2358,14.9,49,L,0
296.3,307.3,1372,57.7,33,L,0
302.2,311.7,1576,34.0,28,M,0
299.5,309.1,1420,49.5,5,M,0
297.8,307.3,1327,61.0,186,L,0
299.0,309.4,1798,25.5,89,L,0
303.4,311.8,2268,15.8,20,L,0
298.6,309.5,1730,30.2,41,L,0
301.0,311.1,1615,35.6,158,L,0
297.7,309.7,1680,30.2,168,M,0
301.0,311.5,1530,43.9,165,M,0
300.9,312.2,1811,23.2,72,L,0
301.6,310.9,1532,43.6,15,L,0
298.7,309.6,1502,46.7,198,L,0
303.0,311.1,1525,40.7,179,L,0
296.6,307.4,1790,25.8,72,M,0
300.0,309.0,1709,32.1,79,L,0
296.9,308.0,1332,53.9,7,L,0
302.2,311.7,1471,45.6,140,L,0
299.5,309.9,1402,51.7,58,L,0
295.5,305.9,1593,37.2,197,H,0
300.6,312.2,2174,18.5,95,M,0
301.9,309.7,1568,37.5,135,M,0
303.1,311.3,1403,55.6,150,L,1
298.8,310.5,1464,46.4,207,L,0
296.8,307.4,1455,49.9,102,M,0
297.3,308.5,1545,34.3,74,L,0
300.9,310.5,1894,21.9,188,L,0
303.5,312.6,1405,51.6,62,M,0
301.3,311.0,1554,47.7,84,L,0
300.9,311.9,1480,40.9,28,M,0
298.2,307.8,1515,46.7,74,L,0
301.6,310.8,1564,34.1,150,L,0
298.1,307.7,1498,38.3,81,M,0
302.4,310.7,1521,40.4,152,M,0
297.6,308.6,1444,48.2,46,M,0
300.1,311.6,1530,36.6,74,L,0
297.4,308.5,1295,52.1,130,L,0
300.3,309.2,1807,26.4,169,L,0
298.6,319.1,1339,51.1,34,M,0
300.8,310.3,1538,36.1,1980,L,1
400.0,412.0,5000,100.0,55,H,1
111.0,11111.0,111,111.0,111,,0
111.0,111.0,111,111.0,111,H,0
301.8,310.3,1538,36.1,1500,L,1
700.0,310.3,1538,36.1,1500,L,1
297.3,308.4,1472,41.3,67,L,0
298.0,308.4,1911,22.0,13,L,0
299.0,310.3,1689,29.7,101,M,0
300.1,311.3,1495,41.0,193,M,0
302.5,311.9,1298,57.5,57,M,0
298.2,309.0,1441,44.2,147,M,0
304.1,313.2,1824,25.8,186,L,0
302.6,310.8,1470,41.2,156,L,0
298.3,310.1,1389,49.6,75,M,0
302.4,311.8,1539,39.9,101,M,0
298.9,310.6,1585,38.1,7,L,0
298.9,310.2,1696,30.2,214,L,0
302.4,310.1,1577,35.8,136,M,0
301.1,311.1,2089,19.8,162,M,0
300.5,309.8,1550,37.4,148,L,0
300.4,311.5,1492,44.6,149,L,0
298.3,309.1,1403,45.1,138,L,0
296.7,307.8,1672,32.4,113,M,0
299.2,308.3,1755,26.4,19,M,0
301.3,311.0,1495,40.8,148,M,0
297.3,308.2,1446,53.5,7,L,0
302.3,311.8,1574,42.8,215,L,0
297.9,308.1,1627,31.4,209,M,0
300.6,312.3,1532,37.2,54,L,0
297.6,308.3,1424,53.9,132,L,0
301.7,311.1,1469,37.2,128,L,0
297.5,308.9,1390,44.6,140,L,0
303.7,311.9,1561,33.3,153,L,0
298.5,309.8,1468,40.9,157,L,0
302.4,311.8,1673,30.1,210,L,0
299.8,309.7,1429,42.6,127,L,0
302.0,310.4,1357,58.0,108,L,0
302.3,311.4,1535,41.8,77,L,0
303.7,312.8,1448,44.5,55,L,0
303.6,312.8,1689,33.1,16,M,0
300.4,310.2,1380,47.3,5,M,0
299.8,309.6,1526,41.7,85,L,0
301.0,310.9,1492,36.7,199,L,0
298.7,309.7,1697,29.8,74,H,0
303.9,312.7,1789,24.4,163,L,0
301.6,309.9,1440,43.4,100,L,0
297.7,309.3,1559,36.9,145,L,0
298.2,308.3,2057,18.0,168,L,0
299.3,309.1,1703,31.3,120,M,0
301.9,310.9,1421,46.2,26,M,0
299.4,309.1,1417,47.3,59,M,0
298.5,308.2,1595,32.3,46,L,0
300.3,310.2,1492,52.3,2,L,0
304.2,313.4,1482,41.4,32,L,0
300.5,309.8,1324,72.8,159,H,1
302.7,310.7,1398,57.7,19,L,0
302.4,311.6,1622,35.0,68,L,0
297.0,307.7,1498,47.1,199,M,0
296.8,308.1,1356,48.3,201,L,0
301.8,310.8,1470,37.6,204,H,0
298.7,309.1,1607,32.7,2,L,0
303.7,312.7,1468,43.3,168,L,0
299.2,310.1,1534,37.7,10,L,0
302.7,312.2,1585,35.5,167,M,0
300.6,310.7,1501,45.3,175,H,0
300.7,310.1,1721,32.3,170,L,0
302.8,310.6,1617,37.9,207,L,0
297.8,307.8,1662,30.7,48,H,0
299.3,308.5,1422,43.1,186,M,0
297.9,307.7,1546,37.6,720,L,1
300.6,310.7,1566,38.2,187,M,0
297.4,308.0,1423,38.0,154,L,0
297.9,309.1,1338,49.6,56,M,0
296.8,307.9,1337,56.5,5,L,0
303.6,312.0,1391,50.3,101,L,0
298.4,307.9,2381,14.2,164,L,0
301.1,310.7,1621,31.0,108,M,0
303.3,311.4,1510,37.3,36,L,0
301.7,309.9,1524,46.6,104,L,0
299.8,309.7,1483,39.6,87,L,0
300.7,312.4,1457,47.2,74,H,0
300.5,311.9,1750,28.3,207,L,0
298.9,308.6,1539,45.4,4,L,0
303.7,312.5,1397,45.7,187,L,0
300.9,310.6,1598,35.4,186,L,0
300.0,309.6,1618,36.2,53,M,0
303.9,313.2,1570,40.7,74,M,0
299.5,310.8,1600,32.4,67,H,0
298.3,307.8,1485,42.0,13,M,0
299.1,310.2,1456,48.4,101,M,0
297.3,308.4,1513,40.5,25,L,0
301.9,311.0,1669,32.2,191,L,0
299.3,308.7,1408,48.7,85,L,0
298.4,308.6,1304,45.0,158,L,0
301.9,310.6,1462,38.8,22,L,0
300.8,309.7,1418,46.6,12,L,0
301.2,310.8,1711,28.9,38,L,0
297.3,308.9,1799,24.5,137,M,0
303.3,311.6,1301,45.1,219,L,0
297.6,308.4,1569,38.3,93,M,0
302.1,310.8,1565,35.3,6,L,0
302.5,311.5,1802,26.4,192,L,0
298.5,308.8,1589,30.6,11,L,0
300.1,309.0,1404,54.8,29,L,0
301.6,310.7,1424,50.5,214,L,0
300.4,309.6,1553,43.9,75,L,0
303.6,312.6,1540,39.8,21,L,0
299.4,309.0,1613,32.2,178,L,0
301.9,310.8,1540,37.6,83,L,0
299.7,309.6,1553,41.0,179,H,0
302.4,311.2,1450,47.9,154,L,0
301.7,310.6,1303,59.7,42,L,0
297.5,308.6,1472,44.9,198,M,0
298.2,307.7,1681,31.0,84,M,0
299.2,310.7,1540,36.3,175,L,0
301.6,310.9,1510,40.9,152,M,0
300.4,309.9,1681,28.6,206,L,0
301.4,310.7,1605,34.2,94,L,0
299.9,309.2,1333,50.8,61,L,0
300.4,309.7,1367,51.2,143,M,0
298.4,308.1,1375,50.8,94,L,0
301.2,310.7,1517,39.4,107,L,0
299.9,311.3,1371,52.3,167,L,0
298.5,308.7,1450,43.9,28,H,0
298.8,309.7,1439,45.8,81,M,0
298.0,308.5,1404,46.6,201,L,0
297.1,308.4,1588,33.4,204,M,0
298.8,308.5,1510,38.7,66,M,0
299.4,309.0,1800,24.3,128,L,0
300.5,309.7,1341,50.9,137,M,0
301.0,310.9,1479,44.3,194,L,0
303.4,312.0,1521,35.9,215,L,0
298.1,309.0,1497,40.5,58,L,0
296.6,307.6,1459,40.2,96,L,0
297.3,308.2,1452,38.2,44,M,0
298.2,309.4,1408,46.5,76,M,0
302.5,311.9,1532,38.8,96,M,0
300.4,311.1,1397,50.8,189,L,0
300.9,310.6,1552,34.9,95,L,0
298.3,307.9,1507,41.2,149,L,0
295.6,306.0,1396,52.4,0,H,0
299.6,310.9,1448,46.3,196,L,0
297.4,309.0,1324,56.9,173,L,0
297.3,308.0,1403,45.0,77,M,0
300.1,309.2,1687,27.7,95,M,0
301.9,310.4,1373,48.0,73,M,0
298.0,309.1,1574,34.8,40,M,0
299.4,310.4,1582,31.7,181,L,0
300.2,311.6,1533,46.4,24,M,0
298.1,308.9,1323,51.7,88,M,0
300.0,309.3,1473,46.0,35,L,0
298.0,308.4,1472,42.0,15,L,0
296.8,308.0,1561,38.3,9,L,0
400.0,307.7,1546,37.6,72,L,1
0.0,307.7,1546,37.6,72,L,0
100.0,307.7,1546,37.6,72,L,0
200.0,307.7,1546,37.6,72,L,0
0.0,0.0,1546,37.6,72,L,0
0.0,0.0,1546,37.6,72,M,0
0.0,0.0,1546,37.6,72,H,0
300.8,400.0,1538,36.1,198,L,0
400.0,400.0,1538,36.1,198,L,1
380.0,400.0,1538,36.1,198,L,0
300.5,311.4,1312,51.4,60,M,0
300.5,309.8,1305,51.7,202,L,0
297.2,307.9,1541,35.7,169,M,0
302.6,312.1,1668,28.7,180,L,0
302.1,310.9,1666,30.7,203,L,0
297.3,308.4,1339,52.1,36,L,0
297.6,309.6,1501,49.8,222,L,0
300.8,312.6,1588,35.6,114,M,0
299.0,308.7,1537,42.8,202,L,0
297.4,308.5,1389,39.2,54,L,0
298.8,308.5,1490,35.0,29,L,0
298.8,310.3,1573,41.8,91,M,0
300.5,309.7,1589,30.5,198,L,0
304.3,313.6,1585,32.1,202,M,0
303.6,312.5,1459,48.2,17,M,0
302.4,311.0,1423,46.2,186,L,0
300.2,310.1,1550,38.7,45,M,0
301.5,310.5,1551,34.3,166,H,0
302.9,312.3,1578,36.3,141,L,0
300.8,311.2,1481,38.5,181,L,0
300.3,309.5,1665,31.4,32,M,0
301.5,310.5,1556,39.1,48,L,0
296.9,307.8,1400,57.1,202,L,0
304.2,313.4,1490,44.0,41,L,0
299.4,310.9,1751,27.8,10,L,0
299.0,310.4,1713,28.0,116,L,0
299.6,309.1,1588,41.3,0,H,0
300.2,311.6,1608,35.0,212,M,0
300.6,309.6,1684,32.8,53,L,0
298.2,308.8,1436,51.9,153,H,0
297.3,308.3,1461,41.5,108,H,0
302.9,311.2,1634,36.9,71,L,0
298.4,307.9,1700,28.2,120,H,0
298.3,308.9,1706,31.8,8,H,0
300.7,312.4,1590,37.9,98,L,0
298.9,308.5,1534,42.9,121,M,0
298.6,309.6,1472,39.1,14,L,0
301.5,310.6,1403,47.4,34,M,0
297.3,308.2,1754,26.8,125,L,0
299.2,308.5,1442,46.5,11,L,0
298.3,308.6,1432,49.5,91,H,0
300.6,312.0,1490,42.2,3,L,0
297.5,308.6,1513,39.7,32,L,0
298.9,310.2,1409,54.8,140,L,0
298.6,309.7,1429,45.8,113,L,0
298.0,307.9,1482,37.8,132,H,0
298.4,307.9,1948,21.4,136,H,0
297.3,308.4,1521,38.2,87,M,0
301.7,311.0,1474,42.6,164,L,0
299.9,310.4,1820,26.6,175,M,0
300.0,309.3,1932,21.8,135,M,0
301.9,311.1,1605,40.0,179,M,0
298.4,309.2,1692,29.8,137,L,0
300.3,311.5,1552,38.9,23,L,0
302.5,310.5,1436,36.5,43,L,0
299.6,311.0,1554,36.3,62,L,0
297.4,308.3,1550,47.8,18,M,0
300.2,311.5,1492,41.8,128,L,0
298.4,308.0,1416,38.2,198,M,0
297.4,308.6,1476,42.3,107,L,0
299.1,310.1,1416,41.2,185,L,0
303.8,312.9,1589,37.2,203,L,0
299.5,309.3,1675,29.2,132,M,0
303.1,312.5,1766,26.7,157,M,0
299.5,309.3,1577,36.6,14,L,0
302.5,311.9,1306,59.7,172,L,0
299.9,309.3,1471,41.8,109,L,0
298.1,309.0,2042,17.8,129,M,0
298.2,308.7,1426,42.6,23,M,0
298.3,309.5,1543,49.9,199,M,0
299.4,310.8,1585,31.4,149,H,0
301.4,310.7,1368,63.7,92,M,1
297.2,308.7,1463,49.9,146,L,0
302.2,311.3,1530,37.3,207,L,0
300.7,310.8,1486,41.2,71,M,0
303.9,313.3,1526,40.7,164,L,0
300.4,311.6,1518,36.4,53,M,0
302.6,311.0,1542,39.7,141,M,0
298.4,308.6,1527,40.9,96,M,0
298.6,309.5,1366,55.0,65,M,0
296.9,307.9,1547,32.6,79,H,0
302.0,310.6,1392,60.5,10,M,0
303.0,311.2,1592,38.9,188,M,0
300.6,309.8,1447,42.9,12,M,0
300.9,310.9,1636,35.3,153,M,0
299.1,308.8,1566,46.6,192,H,0
300.5,310.6,1543,36.2,30,L,0
299.2,309.0,1597,30.3,115,M,0
299.2,310.6,1675,33.3,28,L,0
297.3,308.2,1601,35.7,9,L,0
301.1,310.0,1513,38.0,17,L,0
302.4,310.9,1435,42.3,83,M,0
302.3,311.5,1316,47.2,4,M,0
301.0,310.4,1563,34.4,124,L,0
300.3,311.3,1506,40.7,98,M,0
298.6,308.9,1327,58.8,9,L,0
300.0,311.5,1601,36.9,35,L,0
297.7,309.2,1391,44.5,159,L,0
303.7,312.5,1433,53.6,185,L,0
302.4,310.1,1401,48.8,177,L,0
300.3,309.6,1435,45.4,181,L,0
296.2,307.3,1711,29.9,42,L,0
301.7,311.3,1584,38.8,132,L,0
299.5,309.3,1523,41.5,181,L,0
298.7,309.7,1667,30.4,92,L,0
301.8,310.2,2825,5.8,215,L,1
300.1,311.5,1659,31.1,203,L,0
300.9,310.3,1446,44.5,135,L,0
297.8,309.0,1434,43.3,96,M,0
302.3,311.0,1428,47.9,174,L,0
301.5,310.5,1927,22.4,149,L,0
300.7,310.9,1486,38.9,106,M,0
303.6,312.3,1616,29.3,226,L,0
300.2,309.7,1771,27.1,104,L,0
297.8,308.9,1871,25.6,200,L,0
300.1,311.4,1660,31.4,38,L,0
300.1,309.6,1565,34.8,32,L,0
300.6,310.6,1508,34.8,62,L,0
302.9,312.5,1924,24.0,17,M,0
299.4,309.1,2421,14.2,57,L,0
302.5,311.9,1524,34.8,86,M,0
301.1,311.3,1630,29.5,51,L,0
297.8,307.3,1804,26.0,222,M,0
302.6,312.4,1386,45.8,38,L,0
300.4,310.8,1390,52.5,144,L,0
300.2,309.8,1827,23.0,6,L,0
300.6,311.6,1964,21.4,15,L,0
303.6,311.8,1421,44.8,20,L,0
10.0,5.0,40,10.0,10,H,0
297.7,309.6,1529,35.2,153,L,0
297.5,308.5,1557,39.1,47,H,0
299.0,309.0,1575,35.3,47,M,0
302.4,310.3,1900,24.4,113,L,0
301.8,310.3,1409,52.5,26,M,0
300.9,310.2,1382,50.4,131,L,0
301.5,310.4,1329,46.6,24,L,0
298.0,307.7,1529,34.1,11,L,0
299.3,310.0,1373,44.8,221,H,0
300.7,312.2,1335,49.0,62,H,0
300.4,310.1,1544,41.9,184,L,0
300.0,311.4,1383,49.6,101,L,0
302.0,310.4,1464,47.2,159,L,0
302.0,310.6,1325,55.3,192,L,0
300.8,311.3,1524,43.5,71,L,0
300.5,309.5,1635,34.2,62,H,0
298.0,308.1,1587,32.3,30,M,0
300.5,309.8,1428,43.8,119,L,0
302.2,311.6,1872,20.4,202,L,0
300.7,310.3,1592,36.0,14,L,0
299.9,309.4,1889,26.0,6,M,0
300.3,311.8,1360,48.0,119,L,0
302.5,310.3,1539,39.0,119,L,0
298.6,309.4,1315,55.5,28,L,0
297.5,308.5,1612,30.0,163,M,0
301.3,310.4,1695,30.9,108,L,0
297.2,308.8,1451,43.1,68,L,0
300.1,309.3,1340,56.0,130,L,0
298.9,308.7,1729,26.6,73,L,0
300.6,309.4,1581,35.7,117,M,0
302.0,309.9,1447,42.8,185,H,0
298.9,308.6,1400,49.5,79,L,0
297.2,308.4,1460,42.1,41,L,0
297.8,308.8,1559,35.2,66,L,0
304.0,313.1,1472,45.5,166,H,0
302.4,311.7,1495,36.8,215,L,0
301.6,310.7,1791,23.8,81,M,0
300.7,310.6,1572,38.5,50,M,0
301.4,310.1,1502,46.6,37,L,0
296.8,308.2,1643,34.7,191,L,0
300.3,311.6,1595,38.8,154,L,0
297.5,308.4,1633,33.3,213,L,0
299.4,309.1,1373,44.1,81,H,0
298.4,308.3,1473,39.9,184,L,0
297.5,308.8,1309,57.3,0,L,0
298.0,308.7,1619,40.1,45,L,0
298.4,309.4,1429,41.8,203,M,0
304.0,313.2,1612,31.7,206,H,0
299.1,310.4,1369,54.5,104,H,0
299.6,309.4,1643,32.9,145,L,0
298.8,308.6,1631,32.4,38,L,0
300.5,309.6,1366,50.2,219,L,0
300.1,311.3,1547,40.0,201,L,0
295.9,306.6,1557,41.1,113,L,0
301.4,310.8,1610,34.6,187,L,0
300.6,309.7,1934,22.8,15,M,0
299.9,309.5,1412,57.9,59,M,0
302.2,310.6,1355,51.5,126,M,0
300.2,311.6,1511,35.7,160,L,0
300.1,309.7,1362,49.1,23,L,0
300.5,311.4,1709,32.3,64,L,0
298.2,308.7,1605,29.4,47,L,0
300.7,311.5,1569,36.4,20,M,0
298.4,309.1,1423,48.0,135,L,0
297.0,307.6,1575,37.4,98,L,0
300.2,309.8,1401,49.3,163,L,0
297.7,309.7,1440,51.1,191,H,0
303.8,312.7,1919,20.2,131,M,0
301.0,310.9,1515,37.3,6,L,0
300.1,311.2,1489,39.1,188,L,0
298.1,307.9,1614,35.8,196,L,0
299.1,310.0,1431,49.5,205,H,0
299.2,309.0,1541,36.3,104,M,0
299.7,309.2,1346,57.4,138,L,0
303.6,312.6,1498,40.2,155,H,0
297.5,308.0,1429,45.8,148,M,0
297.5,308.7,1456,44.7,29,L,0
300.9,311.2,1472,40.0,93,M,0
303.0,311.1,1980,20.2,137,L,0
302.9,312.4,1383,51.4,160,L,0
302.2,310.8,1408,46.8,49,M,0
300.7,310.6,1474,37.0,33,M,0
303.9,313.0,1517,36.0,142,H,0
302.9,312.2,1510,41.4,94,L,0
298.9,308.5,1503,40.6,145,L,0
299.6,309.0,1372,60.4,149,L,1
300.8,309.7,1481,38.1,153,L,0
301.8,310.7,1461,44.2,49,L,0
302.6,310.2,1563,39.0,97,M,0
299.8,309.9,1553,36.6,157,L,0
300.7,311.8,1420,47.0,119,L,0
298.8,310.0,1611,32.4,183,L,0
300.7,311.3,1348,53.0,35,M,0
298.0,307.6,1654,28.9,123,L,0
299.7,311.2,1560,43.9,126,M,0
298.6,309.6,1563,35.0,21,L,0
302.2,311.6,1545,35.9,152,L,0
303.0,312.3,1483,38.8,114,M,0
297.0,307.8,1579,34.1,94,M,0
297.7,307.6,1921,22.9,68,L,0
297.3,308.3,1494,38.2,14,L,0
298.8,309.8,1437,42.8,23,L,0
301.3,310.4,1384,50.1,88,L,0
299.9,311.2,1579,35.5,162,M,0
297.3,308.6,1456,42.9,122,M,0
303.9,313.2,1481,40.0,100,L,0
298.6,309.8,1370,56.0,0,L,0
299.9,309.4,1487,42.2,198,M,0
298.0,308.9,1390,53.9,88,L,0
300.4,310.8,1348,56.0,146,L,0
300.3,309.6,1509,46.6,95,M,0
303.3,311.4,1732,25.6,232,L,0
302.0,309.8,1456,58.1,145,L,1
301.0,312.2,1264,59.0,57,L,0
300.2,311.4,1495,43.6,95,L,0
301.8,311.1,1663,31.6,199,M,0
298.8,309.0,1661,29.5,162,M,0
296.5,307.3,1566,37.2,164,L,0
302.2,310.0,1483,48.7,20,L,0
301.3,310.4,1577,48.3,78,M,0
298.8,309.8,1508,36.3,69,L,0
298.4,308.9,1402,44.8,201,L,0
297.0,308.1,1507,43.1,51,M,0
298.9,308.8,1621,32.7,75,H,0
299.8,310.0,1397,48.1,164,M,0
298.8,309.3,1618,35.1,173,M,0
300.9,310.5,1702,29.3,32,M,0
298.2,308.3,1589,33.2,94,L,0
298.4,308.0,1526,41.1,162,L,0
298.8,308.5,1711,28.5,140,M,0
303.9,313.3,1507,34.3,161,M,0
300.4,309.7,1740,31.1,113,L,0
300.5,311.9,1875,22.1,100,M,0
298.9,309.8,1353,53.7,71,M,0
303.8,312.9,1514,34.3,180,L,0
303.7,312.6,1396,44.1,136,L,0
298.3,308.3,1452,45.5,63,L,0
298.6,308.2,1390,51.4,168,L,0
300.7,312.4,1371,61.7,102,M,0
299.7,309.1,1473,39.4,125,L,0
298.2,309.1,1568,36.3,166,L,0
300.7,310.7,1343,51.6,211,M,0
302.3,311.0,1384,49.7,192,M,0
297.4,309.3,1499,36.8,88,M,0
301.8,310.6,1441,46.3,100,H,0
299.8,309.4,1480,40.9,2,L,0
295.5,306.1,1822,24.3,164,M,0
300.6,309.5,1867,23.0,242,L,0
300.8,310.7,1886,21.1,44,M,0
298.7,309.7,1510,40.6,162,L,0
303.3,312.1,1418,44.7,83,L,0
302.8,312.4,1376,57.1,8,L,0
298.7,309.7,1622,34.6,8,M,0
302.4,311.9,1422,46.4,194,M,0
298.5,307.9,1640,33.1,146,M,0
297.4,308.8,1473,46.2,167,L,0
300.0,309.5,1641,30.1,35,L,0
297.5,308.3,1459,45.2,34,M,0
296.5,307.4,1432,49.2,64,H,0
303.3,311.5,1601,35.2,10,L,0
299.0,308.9,1449,39.6,105,M,0
298.6,310.1,1439,49.9,17,L,0
298.1,307.8,1524,40.8,71,L,0
301.7,310.0,1391,50.6,195,M,0
301.8,311.2,1840,26.6,202,L,0
302.7,310.5,1520,39.3,73,L,0
300.2,309.5,1436,48.8,135,L,0
299.7,309.1,1508,41.2,152,M,0
297.4,308.5,1486,48.6,75,L,0
298.9,308.9,1727,27.1,37,M,0
299.7,311.2,1835,23.7,183,L,0
301.4,310.8,1740,29.2,110,L,0
300.0,305.0,1500,360.0,20,,1
1.0,1.0,1,1.0,1,M,0
296.3,307.3,1368,49.5,1000,M,1
296.0,307.3,1368,49.5,1000,M,1
500.0,307.3,1368,49.5,1000,M,1
299.8,309.1,1578,42.1,191,L,0
300.5,311.6,1525,37.6,191,L,0
301.4,310.7,1425,45.1,7,L,0
298.7,308.4,1560,33.3,53,H,0
300.5,309.8,1345,62.7,153,L,1
301.6,309.9,1397,43.7,102,L,0
297.6,308.7,1419,41.7,81,M,0
299.0,308.7,1583,32.5,25,L,0
300.1,309.7,1410,48.3,118,L,0
300.3,311.7,1447,36.8,0,M,0
300.4,311.0,1433,46.1,199,M,0
298.7,310.3,1481,41.5,83,M,0
301.5,310.8,1367,49.0,193,L,0
299.7,309.0,1465,49.0,158,M,0
300.8,312.3,1535,40.3,71,M,0
304.2,313.0,1442,40.9,23,H,0
297.5,309.2,1530,40.0,206,M,0
297.8,307.7,1393,38.0,29,L,0
302.0,310.4,1450,46.6,165,L,0
298.9,310.1,1313,56.8,171,M,0
298.4,307.9,1605,31.0,18,H,0
301.7,309.8,1491,39.3,114,L,0
